model,variant,horizon,period,eligible_universe,n_rebalances,total_return,annualized_return,annualized_vol,sharpe,sortino,max_drawdown,calmar,hit_rate,avg_turnover,total_cost,btc_total_return,excess_return,beta,alpha,information_ratio,correlation,up_capture,down_capture,drawdown_vs_btc
learned_global,sticky_l_s,7,Test,eligible_sensitivity,26,0.021996628660210904,0.04460198422928641,0.19831308751085844,0.31546579733924357,0.5475072977757364,-0.06657645703594872,0.669936284011074,0.5769230769230769,0.5230769230769231,0.068,-0.2892338820423396,0.3112305107025505,-0.11898412477272946,-0.014385384967878431,1.4100769065118008,-0.22428787173930864,-0.054042549869136224,-0.0751092607450469,0.3053237451737675
learned_global,sticky_l_s,14,Test,eligible_sensitivity,13,0.08258994114592388,0.1725121119804216,0.11591795703231897,1.4302915480001341,3.463521586040346,-0.041718963580537616,4.135100615512426,0.6153846153846154,0.7538461538461539,0.049,-0.28923388204233946,0.37182382318826335,-0.029037298587635606,0.15811662976337085,1.864183777881877,-0.0890249953469145,-0.11617889272922251,-0.20907756017764378,0.258406305034073
learned_global,sticky_l_s,30,Test,eligible_sensitivity,6,0.10224405401014813,0.21823174370967813,0.08192906380090827,2.4625632415955625,84.78714639946047,-0.010314372759187784,21.158023740734283,0.6666666666666666,0.9333333333333332,0.028000000000000004,-0.2922865138879188,0.39453056789806695,-0.08950722991024908,0.17312650373100402,1.852882522345269,-0.36698180028316585,-0.048048305936526904,-0.23647934283862032,0.24345970700690678
