model,variant,horizon,period,eligible_universe,n_rebalances,total_return,annualized_return,annualized_vol,sharpe,sortino,max_drawdown,calmar,hit_rate,avg_turnover,total_cost,btc_total_return,excess_return,beta,beta_attributed_return,dispersion_alpha,alpha,information_ratio,correlation,up_capture,down_capture,drawdown_vs_btc
learned_global,sticky_l_s,7,Test,eligible_sensitivity,26,0.18476692779523596,0.40498090435442213,0.17843173270090892,1.997124037219383,4.069270002276343,-0.046492000667602174,8.710765261530936,0.6153846153846154,0.5846153846153845,0.07600000000000001,-0.2892338820423396,0.47400080983757553,-0.17101794052086322,0.0494641828357352,0.13530274495950076,0.3201973383441519,1.9957868365354017,-0.3582925063099519,0.06023767688827683,-0.21759313674651182,0.32540820154211403
learned_global,sticky_l_s,14,Test,eligible_sensitivity,13,0.2219104131973415,0.49471010329508847,0.1199644400019504,3.4311631030973366,9.043210940050791,-0.026281001526328174,18.82386798689884,0.7692307692307693,0.8461538461538463,0.05500000000000001,-0.28923388204233946,0.511144295239681,-0.21284717452979576,0.06156261457099619,0.16034779862634532,0.38918934671899735,2.1566837763183053,-0.6305533335937294,0.027271100507569222,-0.38752927318447355,0.27384426708828247
learned_global,sticky_l_s,30,Test,eligible_sensitivity,6,0.248276537091892,0.5678225809104076,0.10533286457272174,4.39069766817646,,0.0,,1.0,0.9333333333333332,0.028000000000000004,-0.2922865138879188,0.5405630509798108,-0.11447535417229944,0.033459602197106225,0.2148169348947858,0.5101351926763759,2.378154783103689,-0.3650669378802614,0.051416533668422,-0.4888646644672559,0.25377407976609456
